"","X","Gas.Price","Consumer.Price.Index","Unemployment.Rate","date","Etf1.Open","Etf1.High","Eft1.Low","Etf1.Close","Etf1.Adj.Close","Etf1.Volume","Etf2.Open","Etf2.High","Eft2.Low","Etf2.Close","Etf2.Adj.Close","Etf2.Volume","Crude.Open","Crude.High","Crude.Low","Crude.Close","Crude.Adj.Close","Crude.Volume","SP.Open","SP.High","SP.Low","SP.Close","SP.Adj.Close","SP.Volume"
"1",139,2.042,3.2,5.5,2004-10-01,35.0499992370605,36.8300018310547,34.3499984741211,35.1399993896484,20.595682144165,66058100,50.4500007629395,53.1300010681152,49.5,50.3499984741211,32.1878242492676,263300,49.6399993896484,55.6699981689453,49.2000007629395,51.7599983215332,51.7599983215332,2157611,1114.57995605469,1142.05004882812,1090.2900390625,1130.19995117188,1130.19995117188,3.1511e+10
"2",140,2.023,3.6,5.4,2004-11-01,35.3499984741211,37.9000015258789,34.3199996948242,37.5099983215332,21.9847393035889,77605300,50.7000007629395,54.5900001525879,49.3300018310547,54.1399993896484,34.610710144043,221200,51.8199996948242,52.5,45.25,49.1300010681152,49.1300010681152,1920477,1130.19995117188,1188.4599609375,1127.59997558594,1173.81994628906,1173.81994628906,30460280000
"3",141,1.887,3.3,5.4,2004-12-01,37.4000015258789,37.5299987792969,34.7599983215332,36.3199996948242,21.2872829437256,71242100,54.1399993896484,54.1399993896484,50,52.4099998474121,33.5047454833984,142900,49.0699996948242,49.1199989318848,40.25,43.4500007629395,43.4500007629395,1899663,1173.78002929688,1217.32995605469,1173.78002929688,1211.92004394531,1211.92004394531,31102500000
"4",142,1.875,2.8,5.3,2005-01-01,36.0999984741211,37.7099990844727,34.5400009155273,37.5499992370605,22.0881443023682,77167200,51.9799995422363,54.4000015258789,49.8400001525879,54.3699989318848,34.8991546630859,316400,43.0999984741211,49.75,41.25,48.2000007629395,48.2000007629395,1968166,1211.92004394531,1217.80004882812,1163.75,1181.27001953125,1181.27001953125,31498800000
"5",143,1.953,3.1,5.4,2005-02-01,37.7599983215332,44.75,37.7099990844727,43.8499984741211,25.7940082550049,90268200,54.5,64.5999984741211,54.5,63.3699989318848,40.6760902404785,920700,48.2099990844727,52.2799987792969,44.5999984741211,51.75,51.75,1686561,1181.27001953125,1212.43994140625,1180.94995117188,1203.59997558594,1203.59997558594,29297410000
"6",144,2.12,3.2,5.2,2005-03-01,43.75,45.1399993896484,40.7799987792969,42.8699989318848,25.2175388336182,252411200,63.4000015258789,64.870002746582,58.6800003051758,61.5999984741211,39.5399513244629,1410400,51.7700004577637,57.5999984741211,50.6500015258789,55.4000015258789,55.4000015258789,2181030,1203.59997558594,1229.10998535156,1163.68994140625,1180.58996582031,1180.58996582031,39014150000
"7",145,2.285,3.4,5.2,2005-04-01,43.4300003051758,44.4799995422363,39.4099998474121,40.5499992370605,23.932279586792,366081900,62.4099998474121,63.6300010681152,56.25,57.7799987792969,37.087963104248,1065700,55.2000007629395,58.2799987792969,49.5,49.7200012207031,49.7200012207031,2196698,1180.58996582031,1191.88000488281,1136.15002441406,1156.84997558594,1156.84997558594,43424270000
"8",147,2.198,2.5,5,2005-06-01,41.9199981689453,46.1500015258789,41.810001373291,44.4500007629395,26.2340145111084,285274700,60,66.3300018310547,59.9199981689453,63.7599983215332,40.9264183044434,717600,51.9500007629395,60.9500007629395,51.9300003051758,56.5,56.5,2242541,1191.5,1219.58996582031,1188.30004882812,1191.32995605469,1191.32995605469,40334040000
"9",148,2.333,3.1,5,2005-07-01,44.5099983215332,48.4799995422363,44.5099983215332,47.5999984741211,28.1809215545654,283648100,64.25,69.4499969482422,64.120002746582,68.4199981689453,43.9176025390625,602900,56.5999984741211,62.0999984741211,56.0999984741211,60.5699996948242,60.5699996948242,2135377,1191.32995605469,1245.15002441406,1183.55004882812,1234.18005371094,1234.18005371094,37464670000
"10",149,2.529,3.6,4.9,2005-08-01,47.8199996948242,50.8899993896484,46.8699989318848,50.6399993896484,29.9807205200195,302465300,69.0599975585938,73.129997253418,67.4000015258789,72.6999969482422,46.664852142334,979700,60.5099983215332,70.8499984741211,60.5099983215332,68.9400024414062,68.9400024414062,2488887,1234.18005371094,1245.85998535156,1201.06994628906,1220.32995605469,1220.32995605469,42030090000
"11",150,2.951,4.7,5,2005-09-01,51.2999992370605,54.6500015258789,50.439998626709,53.6699981689453,31.7745876312256,307291200,74,78.6800003051758,72.3199996948242,77.5199966430664,49.758731842041,947900,68.6999969482422,69.6600036621094,62.5499992370605,66.2399978637695,66.2399978637695,2269251,1220.32995605469,1243.13000488281,1205.34997558594,1228.81005859375,1228.81005859375,44777510000
"12",151,2.765,4.4,5,2005-10-01,54.0499992370605,54.2999992370605,44.939998626709,48.8199996948242,28.9858379364014,597461500,77.9300003051758,78.3000030517578,65.4700012207031,70.5800018310547,45.3040580749512,1269500,66.1999969482422,66.620002746582,59.1500015258789,59.7599983215332,59.7599983215332,2023131,1228.81005859375,1233.33996582031,1168.19995117188,1207.01000976562,1207.01000976562,49793790000
"13",152,2.303,3.3,5,2005-11-01,48.560001373291,51.3400001525879,46.7299995422363,49.5499992370605,29.4192543029785,421911900,70.5500030517578,74.1999969482422,67.8000030517578,71.7399978637695,46.0486526489258,708700,59.7599983215332,62.1500015258789,55.4000015258789,57.3199996948242,57.3199996948242,1971974,1207.01000976562,1270.64001464844,1201.06994628906,1249.47998046875,1249.47998046875,45102870000
"14",153,2.229,3.3,4.9,2005-12-01,49.9500007629395,53.189998626709,49.4599990844727,50.310001373291,29.870491027832,362386100,72.6600036621094,76.8300018310547,70.9499969482422,72.1900024414062,46.3374786376953,836000,57.4300003051758,61.9000015258789,56.9000015258789,61.0400009155273,61.0400009155273,1891467,1249.47998046875,1275.80004882812,1246.58996582031,1248.2900390625,1248.2900390625,41756130000
"15",155,2.326,3.6,4.8,2006-02-01,57.4900016784668,58.0699996948242,51.0900001525879,52.3400001525879,31.1571025848389,554313800,82.5500030517578,82.9700012207031,73.1500015258789,75.0500030517578,48.6305465698242,1124200,67.7300033569336,69,57.5,61.4099998474121,61.4099998474121,2326517,1280.07995605469,1297.56994628906,1253.60998535156,1280.66003417969,1280.66003417969,42859940000
"16",156,2.468,3.4,4.7,2006-03-01,52.7400016784668,55.7000007629395,50.5499992370605,54.4000015258789,32.3833770751953,511031000,75.6999969482422,80.120002746582,72.5599975585938,78.5899963378906,50.9243812561035,977400,61.5800018310547,67.3000030517578,59.25,66.629997253418,66.629997253418,2386391,1280.66003417969,1310.88000488281,1268.42004394531,1294.86999511719,1294.86999511719,50905040000
"17",157,2.787,3.6,4.7,2006-04-01,54.75,59.8499984741211,54.25,57.1399993896484,34.115234375,424460600,79.4499969482422,86.3399963378906,78.370002746582,82.8300018310547,53.6717987060547,853200,66.25,75.3499984741211,65.5999984741211,71.879997253418,71.879997253418,2170291,1302.88000488281,1318.16003417969,1280.73999023438,1310.60998535156,1310.60998535156,43308430000
"18",158,2.953,4,4.6,2006-05-01,57.5499992370605,60.1500015258789,52.1500015258789,55.5499992370605,33.1659202575684,557877800,83.629997253418,87.2300033569336,75.3899993896484,80.3399963378906,52.0583343505859,1330200,71.75,74.9899978637695,67.4199981689453,71.2900009155273,71.2900009155273,2533163,1310.60998535156,1326.69995117188,1245.33996582031,1270.08996582031,1270.08996582031,54312830000
"19",159,2.93,4.2,4.6,2006-06-01,55,57.1800003051758,50.0099983215332,56.75,33.8823852539062,676643200,79.620002746582,82.5699996948242,71.7699966430664,82,53.1339836120605,1020000,71.2600021362305,74.1500015258789,68.0999984741211,73.9800033569336,73.9800033569336,2237163,1270.05004882812,1290.68005371094,1219.2900390625,1270.19995117188,1270.19995117188,54873260000
"20",160,3.025,4.1,4.7,2006-07-01,57.0499992370605,58.9799995422363,54.25,58.6500015258789,35.1463432312012,367825600,82.6999969482422,85.1699981689453,78.2900009155273,84.6699981689453,54.8640747070312,895300,73.9499969482422,78.4000015258789,71.6500015258789,74.4000015258789,74.4000015258789,1871824,1270.06005859375,1280.42004394531,1224.5400390625,1276.66003417969,1276.66003417969,46348220000
"21",161,2.999,3.9,4.7,2006-08-01,58.5400009155273,59.8800010681152,55.5400009155273,55.6699981689453,33.3605575561523,363097400,84.9199981689453,86.5999984741211,80.6100006103516,80.8899993896484,52.4147491455078,726800,74.4000015258789,77.4499969482422,68.6500015258789,70.2600021362305,70.2600021362305,2089659,1278.53002929688,1306.73999023438,1261.30004882812,1303.81994628906,1303.81994628906,50485620000
"22",162,2.606,2,4.5,2006-09-01,56,57.2700004577637,50.1699981689453,53.4500007629395,32.0302085876465,517274100,81.129997253418,82.9300003051758,72.8499984741211,77.9000015258789,50.477294921875,1843400,70.3499984741211,70.4000015258789,59.5200004577637,62.9099998474121,62.9099998474121,2605508,1303.80004882812,1340.28002929688,1290.93005371094,1335.84997558594,1335.84997558594,49001440000
"23",164,2.275,2,4.5,2006-11-01,55.6199989318848,60.8300018310547,54.7200012207031,60.5099983215332,36.3851547241211,450946200,81.5500030517578,89.0500030517578,79.9800033569336,88.5899963378906,57.4041328430176,836500,58.5999984741211,63.7999992370605,54.8600006103516,63.1300010681152,63.1300010681152,3672965,1377.76000976562,1407.89001464844,1360.97998046875,1400.63000488281,1400.63000488281,55343930000
"24",165,2.359,2.5,4.4,2006-12-01,60.1100006103516,62.1300010681152,58.189998626709,58.6300010681152,35.2547187805176,362478200,88.3300018310547,90.8000030517578,84.3199996948242,85.0100021362305,55.0843887329102,818500,62.8499984741211,64.1500015258789,59.9000015258789,61.0499992370605,61.0499992370605,3343134,1400.63000488281,1431.81005859375,1385.93005371094,1418.30004882812,1418.30004882812,47578780000
"25",166,2.289,2.1,4.6,2007-01-01,58.310001373291,58.3899993896484,53.8899993896484,58.0900001525879,35.0344009399414,650083100,83.120002746582,84.3899993896484,77.8600006103516,84.0800018310547,55.0525817871094,1229000,60.9799995422363,61.5499992370605,49.9000015258789,58.1399993896484,58.1399993896484,5193859,1418.03002929688,1441.60998535156,1403.96997070312,1438.23999023438,1438.23999023438,56686200000
"26",167,2.323,2.4,4.5,2007-02-01,58.0999984741211,59.5299987792969,56.4500007629395,56.9000015258789,34.3166999816895,416980800,84.5500030517578,86.629997253418,82.3000030517578,82.9100036621094,54.2865028381348,821900,57.8899993896484,62.25,56.6199989318848,61.7900009155273,61.7900009155273,5154484,1437.90002441406,1461.56994628906,1389.42004394531,1406.81994628906,1406.81994628906,51844990000
"27",168,2.609,2.8,4.4,2007-03-01,56.3199996948242,61.1599998474121,54.939998626709,60.2799987792969,36.3552017211914,570962300,81.7900009155273,89.2600021362305,80.2699966430664,88.1600036621094,57.7240219116211,764600,61.8199996948242,68.0899963378906,56.0999984741211,65.870002746582,65.870002746582,4948480,1406.80004882812,1438.89001464844,1363.97998046875,1420.85998535156,1420.85998535156,67622250000
"28",170,3.187,2.7,4.4,2007-05-01,63.439998626709,69.0699996948242,62.9799995422363,68.3000030517578,41.3272361755371,454866200,93.1399993896484,100.809997558594,92.1900024414062,99.7900009155273,65.3389282226562,1062500,65.6600036621094,66.379997253418,60.6800003051758,64.0100021362305,64.0100021362305,4884743,1482.36999511719,1535.56005859375,1476.69995117188,1530.61999511719,1530.61999511719,64958050000
"29",171,3.102,2.7,4.6,2007-06-01,68.6399993896484,71.4499969482422,66.7900009155273,68.9899978637695,41.7447395324707,405407800,100.660003662109,104.540000915527,97.370002746582,101.129997253418,66.2163162231445,926200,64.2300033569336,71.0599975585938,63.7999992370605,70.6800003051758,70.6800003051758,4625026,1530.61999511719,1540.56005859375,1484.18005371094,1503.34997558594,1503.34997558594,65322800000
"30",173,2.834,1.9,4.6,2007-08-01,68.6699981689453,70.3000030517578,62.7299995422363,69.8300018310547,42.3757171630859,619540900,101.059997558594,101.949996948242,91.1699981689453,101.080001831055,66.1835708618164,1569100,77.9400024414062,78.7699966430664,68.629997253418,74.0400009155273,74.0400009155273,5184742,1455.18005371094,1503.89001464844,1370.59997558594,1473.98999023438,1473.98999023438,91381760000
"31",174,2.849,2.8,4.7,2007-09-01,69.5999984741211,76.3000030517578,68.7799987792969,74.8000030517578,45.3916969299316,347598700,101.080001831055,110.589996337891,99.8399963378906,108.660003662109,71.1466598510742,832400,73.9000015258789,83.9000015258789,73.4800033569336,81.6600036621094,81.6600036621094,5103484,1473.9599609375,1538.73999023438,1439.2900390625,1526.75,1526.75,57809700000
"32",175,2.853,3.6,4.7,2007-10-01,74.75,78.5,72.6699981689453,76.6999969482422,46.6671867370605,486212900,109,114.099998474121,105.73999786377,111.029998779297,72.6984634399414,880400,81.75,95.2799987792969,78.3499984741211,94.5299987792969,94.5299987792969,6263924,1527.2900390625,1576.08996582031,1489.56005859375,1549.38000488281,1549.38000488281,76022580000
"33",176,3.128,4.4,4.7,2007-11-01,75.5699996948242,77.75,69.6100006103516,73.4700012207031,44.7018966674805,510613800,109.139999389648,112.550003051758,101.230003356934,106.379997253418,69.6538162231445,797500,95.1500015258789,99.2900009155273,88.4499969482422,88.7099990844727,88.7099990844727,6632640,1545.7900390625,1545.7900390625,1406.09997558594,1481.14001464844,1481.14001464844,86246950000
"34",177,3.07,4.1,5,2007-12-01,72.879997253418,80.5999984741211,72.879997253418,79.3499984741211,48.2795295715332,338488100,107.889999389648,116.01000213623,105.199996948242,113.5,74.3157196044922,595900,88.7900009155273,97.9199981689453,85.8199996948242,95.9800033569336,95.9800033569336,4496780,1479.63000488281,1523.56994628906,1435.65002441406,1468.35998535156,1468.35998535156,64821670000
"35",178,3.095,4.3,5,2008-01-01,79.9499969482422,80.75,62.9700012207031,69.5999984741211,42.4562911987305,611609700,114.900001525879,116.48999786377,88.4300003051758,100.919998168945,66.636589050293,1254800,96.0500030517578,100.089996337891,86.1100006103516,91.75,91.75,5744195,1467.96997070312,1471.77001953125,1270.05004882812,1378.55004882812,1378.55004882812,98475340000
"36",179,3.078,4.1,4.9,2008-02-01,70.5199966430664,79.0199966430664,66.9300003051758,76.0500030517578,46.3908042907715,446371500,102.459999084473,113.300003051758,96.5100021362305,109.669998168945,72.4141464233398,902200,91.3600006103516,103.050003051758,86.2399978637695,101.839996337891,101.839996337891,5352385,1378.59997558594,1396.02001953125,1316.75,1330.63000488281,1330.63000488281,78536130000
"37",180,3.293,4,5.1,2008-03-01,76.0999984741211,77.7300033569336,68.8499984741211,74.0599975585938,45.1769065856934,534668200,109.660003662109,111.639999389648,99.3199996948242,106.940002441406,70.6115264892578,1298900,101.629997253418,111.800003051758,98.6500015258789,101.580001831055,101.580001831055,6349475,1330.44995117188,1359.68005371094,1256.97998046875,1322.69995117188,1322.69995117188,93189170000
"38",181,3.507,3.9,5,2008-04-01,73.8000030517578,85.2900009155273,73.3499984741211,81.75,50.0114212036133,466347800,107.279998779297,123.150001525879,104.800003051758,118.800003051758,78.4426193237305,1407900,101.569999694824,119.930000305176,99.5500030517578,113.459999084473,113.459999084473,5854686,1326.41003417969,1404.56994628906,1324.34997558594,1385.58996582031,1385.58996582031,85978630000
"39",182,3.815,4.1,5.4,2008-05-01,80.7200012207031,91.4199981689453,78.4300003051758,86,52.6114044189453,565475400,117.769996643066,132.740005493164,113.830001831055,124.970001220703,82.5165710449219,1902600,114.599998474121,135.089996337891,110.300003051758,127.349998474121,127.349998474121,7054428,1385.96997070312,1440.23999023438,1373.06994628906,1400.38000488281,1400.38000488281,80990480000
"40",184,4.114,5.5,5.8,2008-07-01,88.1699981689453,90.1600036621094,71.8499984741211,74.4000015258789,45.635196685791,850202500,129.690002441406,132.289993286133,106.51000213623,110.599998474121,73.028190612793,4005900,140.179992675781,147.270004272461,120.419998168945,124.080001831055,124.080001831055,6083909,1276.68994140625,1292.17004394531,1200.43994140625,1267.38000488281,1267.38000488281,124980570000
"41",185,3.833,5.3,6.1,2008-08-01,74.4499969482422,76.9100036621094,68.3499984741211,74.6500015258789,45.7885284423828,723578600,109.25,112.98999786377,102.540000915527,109.849998474121,72.5329895019531,4161300,124.059997558594,128.600006103516,111.339996337891,115.459999084473,115.459999084473,5692611,1269.42004394531,1313.15002441406,1247.44995117188,1282.82995605469,1282.82995605469,86266010000
"42",186,3.756,5,6.1,2008-09-01,72.0999984741211,78.0999984741211,59.1300010681152,63.2999992370605,38.8267211914062,1015421500,107.080001831055,107.080001831055,87.5400009155273,93.2300033569336,61.5589294433594,4911500,116.650001525879,130,90.5100021362305,100.639999389648,100.639999389648,5950416,1287.82995605469,1303.0400390625,1106.42004394531,1166.35998535156,1166.35998535156,140007320000
"43",187,3.112,3.7,6.5,2008-10-01,62.7000007629395,69.9199981689453,38.8400001525879,51.4000015258789,31.6291904449463,1369309600,93.8499984741211,93.8499984741211,57.7799987792969,74.5400009155273,49.2181053161621,5935700,101.860000610352,102.839996337891,61.2999992370605,67.8099975585938,67.8099975585938,5903035,1164.17004394531,1167.03002929688,839.799987792969,968.75,968.75,159823030000
"44",188,2.208,1.1,6.8,2008-11-01,50.5999984741211,53.2999992370605,39.8199996948242,50.2799987792969,30.9399967193604,875175200,74.3000030517578,77.9700012207031,56.9599990844727,72.4400024414062,47.8315010070801,3466400,67.370002746582,71.7699966430664,48.25,54.4300003051758,54.4300003051758,4752064,968.669982910156,1007.51000976562,741.02001953125,896.239990234375,896.239990234375,115660210000
"45",189,1.745,0,7.3,2008-12-01,48.25,50.7900009155273,40.5299987792969,47.7700004577637,29.3954639434814,777758400,70.1999969482422,73.0599975585938,57.8400001525879,67.3600006103516,44.4772109985352,5683100,54.6199989318848,54.6199989318848,32.4000015258789,44.5999984741211,44.5999984741211,4640198,888.609985351562,918.849975585938,815.690002441406,903.25,903.25,112884470000
"46",190,1.84,-0.1,7.8,2009-01-01,48.2000007629395,53.189998626709,43.9599990844727,46.9199981689453,29.0222034454346,845359300,67.9100036621094,75.6399993896484,62.1699981689453,66.0800018310547,44.4219207763672,8685000,43.7200012207031,50.4700012207031,32.7000007629395,41.6800003051758,41.6800003051758,5452571,902.989990234375,943.849975585938,804.299987792969,825.880004882812,825.880004882812,112090640000
"47",193,2.102,-0.6,9,2009-04-01,41.5,47.75,41.4700012207031,45.7799987792969,28.4625911712646,464059600,59.6100006103516,67.8899993896484,58.8499984741211,65.9000015258789,44.3009223937988,4773400,48.9599990844727,53.9000015258789,43.8300018310547,51.1199989318848,51.1199989318848,4954274,793.590026855469,888.700012207031,783.320007324219,872.809997558594,872.809997558594,138855320000
"48",194,2.316,-1,9.4,2009-05-01,45.9599990844727,52.3499984741211,45.7400016784668,51.6800003051758,32.1307792663574,452274600,66.25,75.5100021362305,65.9199981689453,75.1600036621094,50.5259170532227,6579100,50.9500007629395,66.6399993896484,50.4300003051758,66.3099975585938,66.3099975585938,5254102,872.739990234375,930.169982910156,866.099975585938,919.140014648438,919.140014648438,131614940000
"49",195,2.681,-1.2,9.5,2009-06-01,52.6800003051758,57.7099990844727,46.310001373291,48.0499992370605,29.8739032745361,513829100,76.6699981689453,79.5400009155273,67.1800003051758,69.9700012207031,47.0369682312012,6163800,66.4800033569336,73.379997253418,64.9499969482422,69.8899993896484,69.8899993896484,5843371,923.260009765625,956.22998046875,888.859985351562,919.320007324219,919.320007324219,112653150000
"50",196,2.582,-2,9.5,2009-07-01,48.5800018310547,51.6699981689453,43.6599998474121,50.6199989318848,31.6325645446777,486007800,70.6999969482422,75.4800033569336,63.25,73.8499984741211,49.645263671875,5170800,70.4499969482422,71.8499984741211,58.3199996948242,69.4499969482422,69.4499969482422,6155493,920.820007324219,996.679992675781,869.320007324219,987.47998046875,987.47998046875,106635790000
"51",197,2.67,-1.5,9.6,2009-08-01,51.4900016784668,53.4599990844727,48.7400016784668,51.1699981689453,31.9762630462646,353752200,75.1399993896484,78.0699996948242,71.0999984741211,74.7399978637695,50.2435684204102,2423200,69.3000030517578,75,65.2300033569336,69.9599990844727,69.9599990844727,5930812,990.219970703125,1039.46997070312,978.510009765625,1020.61999511719,1020.61999511719,116059270000
"52",198,2.609,-1.4,9.8,2009-09-01,51.0200004577637,56.2799987792969,49.9099998474121,53.9199981689453,33.6947479248047,382857800,74.5500030517578,82.9300003051758,72.9700012207031,79.8099975585938,53.6518478393555,2994200,69.5599975585938,73.1600036621094,65.0500030517578,70.6100006103516,70.6100006103516,5938598,1019.52001953125,1080.15002441406,991.969970703125,1057.07995605469,1057.07995605469,112295490000
"53",199,2.605,-0.2,10,2009-10-01,53.9000015258789,60.560001373291,51.3400001525879,55.25,34.6792526245117,487791200,79.6699981689453,89.4400024414062,75.8399963378906,81.2099990844727,54.5929870605469,5503100,70.4000015258789,82,68.0500030517578,77,77,7286480,1054.91003417969,1101.35998535156,1019.95001220703,1036.18994140625,1036.18994140625,113410990000
"54",201,2.663,2.8,9.9,2009-12-01,57.5800018310547,58.2599983215332,54.1699981689453,57.0099983215332,35.7839546203613,324603500,84.5199966430664,85.3499984741211,79.9599990844727,83.370002746582,56.0450477600098,5702300,77.3499984741211,80,68.5899963378906,79.3600006103516,79.3600006103516,5820203,1098.89001464844,1130.38000488281,1085.89001464844,1115.09997558594,1115.09997558594,89515330000
"55",202,2.769,2.6,9.8,2010-01-01,57.9199981689453,60.8699989318848,54.2200012207031,54.5,34.3946762084961,396907400,84.4800033569336,89.1800003051758,79.3300018310547,79.8000030517578,54.4144630432129,3591800,79.629997253418,83.9499969482422,72.4300003051758,72.8899993896484,72.8899993896484,5645255,1116.56005859375,1150.44995117188,1071.58996582031,1073.86999511719,1073.86999511719,90947580000
"56",203,2.699,2.2,9.8,2010-02-01,55.1500015258789,57.560001373291,52.6699981689453,56.1399993896484,35.4296531677246,437318700,80.5199966430664,83.9400024414062,76.9400024414062,81.7399978637695,55.7373237609863,3675900,72.8399963378906,80.5100021362305,69.5,79.6600036621094,79.6600036621094,6769263,1073.89001464844,1112.42004394531,1044.5,1104.48999023438,1104.48999023438,84561340000
"57",204,2.824,2.3,9.9,2010-03-01,56.4000015258789,59.4199981689453,55.7200012207031,57.5200004577637,36.3005790710449,403215500,82.2600021362305,86.5299987792969,81.5,84.0100021362305,57.2851943969727,2700900,79.8399963378906,83.8499984741211,78.0599975585938,83.7600021362305,83.7600021362305,6836560,1105.35998535156,1180.68994140625,1105.35998535156,1169.43005371094,1169.43005371094,103683550000
"58",205,2.9,2.2,9.9,2010-04-01,58.0900001525879,62.2999992370605,58.0400009155273,59.9099998474121,37.9412841796875,429168600,84.6800003051758,91.2300033569336,84.6800003051758,87.7699966430664,59.8490867614746,2859500,83.3600006103516,87.0899963378906,80.5299987792969,86.1500015258789,86.1500015258789,7622339,1171.22998046875,1219.80004882812,1170.68994140625,1186.68994140625,1186.68994140625,116741910000
"59",206,2.89,2,9.6,2010-05-01,60.1699981689453,61.0699996948242,50.1500015258789,53.0499992370605,33.5968017578125,634741300,88.1999969482422,89.3300018310547,72.9300003051758,77.2900009155273,52.7029190063477,6410300,86.1999969482422,87.1500015258789,64.2399978637695,73.9700012207031,73.9700012207031,8409610,1188.57995605469,1205.13000488281,1040.78002929688,1089.41003417969,1089.41003417969,127662780000
"60",207,2.785,1.1,9.4,2010-06-01,52.1699981689453,56.7000007629395,49.5699996948242,49.6800003051758,31.462553024292,493543000,76.3099975585938,83.0599975585938,72.5999984741211,72.8399963378906,49.6685256958008,2919100,73.9700012207031,79.379997253418,69.5100021362305,75.629997253418,75.629997253418,7515626,1087.30004882812,1131.22998046875,1028.32995605469,1030.7099609375,1030.7099609375,110106750000
"61",208,2.782,1.3,9.4,2010-07-01,49.8499984741211,54.7200012207031,48.560001373291,53.8400001525879,34.2525787353516,323089600,72.9300003051758,80,71.1699981689453,78.6900024414062,53.6575584411621,1832700,75.370002746582,79.6900024414062,71.0899963378906,78.9499969482422,78.9499969482422,6459054,1031.09997558594,1120.94995117188,1010.90997314453,1101.59997558594,1101.59997558594,94778110000
"62",210,2.757,1.1,9.5,2010-09-01,52.0499992370605,56.75,51.9700012207031,56.060001373291,35.6649360656738,308127200,76.2699966430664,83.6699981689453,76.2699966430664,82.7300033569336,56.4123802185059,1830000,71.6999969482422,80.1800003051758,71.6699981689453,79.9700012207031,79.9700012207031,7092675,1049.71997070312,1157.16003417969,1049.71997070312,1141.19995117188,1141.19995117188,79589450000
"63",211,2.853,1.2,9.4,2010-10-01,56.5999984741211,60.2900009155273,55.6800003051758,59.2400016784668,37.8612861633301,284559500,83.4899978637695,88.5100021362305,82.1900024414062,86.9499969482422,59.2899208068848,1749100,79.8399963378906,84.4300003051758,79.3499984741211,81.4300003051758,81.4300003051758,6834324,1143.48999023438,1196.14001464844,1131.86999511719,1183.26000976562,1183.26000976562,89536270000
"64",212,2.913,1.1,9.8,2010-11-01,59.8300018310547,63.8899993896484,59.0699996948242,62.7099990844727,40.0790100097656,347299600,87.7200012207031,94.370002746582,86.7799987792969,92.5800018310547,63.1289749145508,2298600,81.4499969482422,88.629997253418,80.0599975585938,84.1100006103516,84.1100006103516,7047186,1185.7099609375,1227.07995605469,1173,1180.55004882812,1180.55004882812,87151070000
"65",213,3.048,1.4,9.3,2010-12-01,63.7400016784668,68.5,63.7400016784668,68.25,43.6197280883789,229401100,94.2699966430664,100.180000305176,94.1500015258789,99.6699981689453,67.9635009765625,3028300,83.6600036621094,92.0599975585938,83.629997253418,91.379997253418,91.379997253418,5666635,1186.59997558594,1262.59997558594,1186.59997558594,1257.64001464844,1257.64001464844,80984530000
"66",214,3.148,1.7,9.1,2011-01-01,68.9000015258789,73.1500015258789,67.4899978637695,73.1500015258789,46.9593811035156,299608500,100.800003051758,106.690002441406,98.8499984741211,106.680000305176,73.6678085327148,4671000,91.3099975585938,92.8399963378906,85.1100006103516,92.1900024414062,92.1900024414062,7342599,1257.61999511719,1302.67004394531,1257.61999511719,1286.11999511719,1286.11999511719,92164940000
"67",215,3.264,2.1,9,2011-02-01,73.4400024414062,78.6900024414062,71.2200012207031,78.5400009155273,50.419548034668,318369100,107.120002746582,115.059997558594,106.629997253418,114.709999084473,79.2129135131836,5421900,92.1999969482422,103.410003662109,83.8499984741211,96.9700012207031,96.9700012207031,6702855,1289.14001464844,1344.06994628906,1289.14001464844,1327.21997070312,1327.21997070312,59223660000
"68",216,3.615,2.6,9,2011-03-01,79,80.9700012207031,72.9000015258789,79.75,51.1963157653809,413631600,115.300003051758,118.25,106.23999786377,116.730003356934,80.6078338623047,5729300,96.9700012207031,106.949996948242,96.2200012207031,106.720001220703,106.720001220703,7142807,1328.64001464844,1332.28002929688,1249.05004882812,1325.82995605469,1325.82995605469,89507640000
"69",217,3.852,3.1,9.1,2011-04-01,80.4499969482422,80.9000015258789,75.1900024414062,80.4800033569336,51.8388824462891,338542000,117.849998474121,118.430000305176,110.230003356934,118.089996337891,81.5469741821289,3349800,106.620002746582,114.180000305176,105.309997558594,113.930000305176,113.930000305176,5906063,1329.47998046875,1364.56005859375,1294.69995117188,1363.60998535156,1363.60998535156,77364810000
"70",219,3.735,3.5,9.1,2011-06-01,76.9199981689453,77.25,70.4499969482422,75.3499984741211,48.534538269043,516569900,112.51000213623,113.089996337891,103.370002746582,110.550003051758,76.3402252197266,3168600,102.680000305176,103.309997558594,89.6100006103516,95.4199981689453,95.4199981689453,7612897,1345.19995117188,1345.19995117188,1258.06994628906,1320.64001464844,1320.64001464844,86122730000
"71",220,3.705,3.6,9,2011-07-01,75.1900024414062,79.9700012207031,74.5500030517578,76.4499969482422,49.4246559143066,358764200,110.389999389648,117.73999786377,109.5,112.290000915527,77.5417938232422,3497800,95.120002746582,100.620002746582,93.4499969482422,95.6999969482422,95.6999969482422,5712768,1320.64001464844,1356.47998046875,1282.85998535156,1292.28002929688,1292.28002929688,81102170000
"72",221,3.696,3.8,9,2011-08-01,77.8000030517578,77.8499984741211,61.0999984741211,68.6399993896484,44.3755073547363,785263500,114.51000213623,114.51000213623,89.4899978637695,100.290000915527,69.2551879882812,7901900,96.1999969482422,98.5999984741211,75.7099990844727,88.8099975585938,88.8099975585938,8623260,1292.58996582031,1307.38000488281,1101.5400390625,1218.89001464844,1218.89001464844,108419170000
"73",222,3.667,3.8,9,2011-09-01,68.75,69.6500015258789,57.9500007629395,58.5099983215332,37.8265113830566,534809900,100.680000305176,101.73999786377,85.4899978637695,86.3399963378906,59.6220359802246,4322000,88.7300033569336,90.5199966430664,77.1100006103516,79.1999969482422,79.1999969482422,6687717,1219.11999511719,1229.2900390625,1114.21997070312,1131.42004394531,1131.42004394531,102786820000
"74",223,3.506,3.5,8.8,2011-10-01,57.8400001525879,73.1900024414062,54.2599983215332,69.7099990844727,45.244213104248,500005200,85.120002746582,107.330001831055,79.7799987792969,102.269996643066,70.6224746704102,4472800,78.9199981689453,94.6500015258789,74.9499969482422,93.1900024414062,93.1900024414062,6923687,1131.2099609375,1292.66003417969,1074.77001953125,1253.30004882812,1253.30004882812,98063670000
"75",224,3.443,3.5,8.6,2011-11-01,66.9800033569336,72.9000015258789,63.8300018310547,70.870002746582,45.9970932006836,430419400,97.8499984741211,106.839996337891,93.5999984741211,103.930000305176,71.7688064575195,3374800,92.5800018310547,103.370002746582,89.1699981689453,100.360000610352,100.360000610352,6546619,1251,1277.55004882812,1158.66003417969,1246.9599609375,1246.9599609375,84275050000
"76",225,3.326,3.1,8.5,2011-12-01,70.6800003051758,72.1699981689453,64.8000030517578,69.129997253418,44.867790222168,298820600,103.870002746582,105.949996948242,95.8399963378906,100.809997558594,69.6142807006836,2791100,100.51000213623,102.440002441406,92.5199966430664,98.8300018310547,98.8300018310547,4905263,1246.91003417969,1269.36999511719,1202.36999511719,1257.59997558594,1257.59997558594,74742430000
"77",227,3.64,2.9,8.3,2012-02-01,71.3300018310547,76.5,70.8199996948242,74.879997253418,48.8054275512695,278565200,103.699996948242,111.529998779297,102.980003356934,109.120002746582,76.5925064086914,2563800,98.379997253418,109.949996948242,95.4400024414062,107.069999694824,107.069999694824,5837415,1312.44995117188,1378.0400390625,1312.44995117188,1365.68005371094,1365.68005371094,78385710000
"78",228,3.907,2.6,8.2,2012-03-01,75.2099990844727,75.7600021362305,70.1699981689453,71.75,46.7653579711914,322026400,109.610000610352,110.5,103,105.180000305176,73.8269958496094,2395100,106.819999694824,110.550003051758,102.129997253418,103.019996643066,103.019996643066,6022417,1365.90002441406,1419.15002441406,1340.03002929688,1408.46997070312,1408.46997070312,83899660000
"79",230,3.791,1.7,8.2,2012-05-01,71.379997253418,72.7699966430664,62.5400009155273,63.6300010681152,41.6330757141113,378774200,104.220001220703,106.150001525879,91.0699996948242,92.5299987792969,64.9478073120117,3034200,104.889999389648,106.430000305176,85.8600006103516,86.5299987792969,86.5299987792969,6008992,1397.85998535156,1415.31994628906,1291.97998046875,1310.32995605469,1310.32995605469,86920490000
"80",231,3.596,1.7,8.2,2012-06-01,62.3499984741211,66.5,61.1100006103516,66.370002746582,43.4258651733398,344107700,90.6500015258789,97.2900009155273,88.7900009155273,97.2900009155273,68.2889099121094,2870800,86.4400024414062,87.0299987792969,77.2799987792969,84.9599990844727,84.9599990844727,6321933,1309.86999511719,1363.4599609375,1266.73999023438,1362.16003417969,1362.16003417969,81582440000
"81",233,3.78,1.7,8.1,2012-08-01,69.9100036621094,73.0299987792969,68.1600036621094,71.5299987792969,47.028076171875,212709700,101.5,105.779998779297,98.8399963378906,103.349998474121,72.5424880981445,2089100,88.0299987792969,98.2900009155273,86.9199981689453,96.4700012207031,96.4700012207031,5267722,1379.31994628906,1426.68005371094,1354.65002441406,1406.57995605469,1406.57995605469,70283810000
"82",234,3.91,1.9,7.8,2012-09-01,71.4599990844727,77.3499984741211,70.4000015258789,73.4300003051758,48.2772674560547,206863800,103.309997558594,112.080001831055,101.879997253418,106.980003356934,75.0904388427734,2757800,96.379997253418,100.419998168945,88.9499969482422,92.1900024414062,92.1900024414062,4549667,1406.5400390625,1474.51000976562,1396.56005859375,1440.67004394531,1440.67004394531,69784280000
"83",235,3.812,2.2,7.8,2012-10-01,73.9400024414062,75.1900024414062,71.0199966430664,71.9400024414062,47.5094413757324,236902800,107.589996337891,109.349998474121,103.25,104.379997253418,73.2654571533203,2089300,92.1500015258789,93.6600036621094,84.6600036621094,86.2399978637695,86.2399978637695,5491372,1440.90002441406,1470.9599609375,1403.28002929688,1412.16003417969,1412.16003417969,71752320000
"84",236,3.521,1.8,7.7,2012-11-01,71.6600036621094,73.0599975585938,67.7699966430664,71.0599975585938,46.9282722473145,234855900,103.970001220703,106.050003051758,98,102.98999786377,72.2897644042969,2185500,86.0999984741211,89.8000030517578,84.0500030517578,88.9100036621094,88.9100036621094,5396754,1412.19995117188,1434.27001953125,1343.34997558594,1416.18005371094,1416.18005371094,71489310000
"85",237,3.381,1.8,7.9,2012-12-01,71.5999984741211,73.3899993896484,69.5699996948242,71.4199981689453,47.1660232543945,198245000,103.639999389648,106.580001831055,99.7600021362305,102.26000213623,71.7774276733398,2800400,88.8499984741211,91.9899978637695,85.2099990844727,91.8199996948242,91.8199996948242,3789627,1416.33996582031,1448,1398.10998535156,1426.18994140625,1426.18994140625,66388180000
"86",238,3.391,1.7,8,2013-01-01,72.9499969482422,78.5899963378906,72,77.3499984741211,51.3425064086914,195100300,104.839996337891,112.169998168945,103.279998779297,110.449996948242,79.0185623168945,2781900,91.7799987792969,98.2399978637695,91.5199966430664,97.4899978637695,97.4899978637695,4573516,1426.18994140625,1509.93994140625,1426.18994140625,1498.10998535156,1498.10998535156,75848510000
"87",239,3.736,2,7.7,2013-02-01,77.7600021362305,79.5100021362305,75.4599990844727,77.6900024414062,51.5681800842285,199333200,111.099998474121,113.230003356934,107.51000213623,110.809997558594,79.2760848999023,2346400,97.4199981689453,98.1500015258789,91.5699996948242,92.0500030517578,92.0500030517578,4427942,1498.10998535156,1530.93994140625,1485.01000976562,1514.68005371094,1514.68005371094,69273480000
"88",240,3.779,1.5,7.5,2013-03-01,77.379997253418,80.1399993896484,76.8499984741211,79.3099975585938,52.6435089111328,177628200,110,114.199996948242,109.110000610352,113.309997558594,81.0646667480469,1488600,91.7600021362305,97.3499984741211,89.3300018310547,97.2300033569336,97.2300033569336,4226621,1514.68005371094,1570.28002929688,1501.47998046875,1569.18994140625,1569.18994140625,68527110000
"89",241,3.638,1.1,7.6,2013-04-01,79.3099975585938,79.620002746582,73.5199966430664,78.2699966430664,52.1859855651855,304250000,113.279998779297,113.639999389648,105.23999786377,111.849998474121,80.0201568603516,2022400,97.3600006103516,97.8000030517578,85.6100006103516,93.4599990844727,93.4599990844727,5632039,1569.18005371094,1597.56994628906,1536.03002929688,1597.56994628906,1597.56994628906,7.7098e+10
"90",242,3.675,1.4,7.5,2013-05-01,77.5999984741211,83.9499969482422,76.9599990844727,80.5,53.6728324890137,262859500,111.470001220703,119.620002746582,110.01000213623,114.849998474121,82.1664276123047,2044200,93.0800018310547,97.1699981689453,90.1100006103516,91.9700012207031,91.9700012207031,6126412,1597.55004882812,1687.18005371094,1581.28002929688,1630.73999023438,1630.73999023438,76447250000
"91",243,3.689,1.7,7.5,2013-06-01,80.8000030517578,81.9000015258789,76.0199966430664,78.3000030517578,52.2060165405273,273290600,115.230003356934,116.650001525879,109.01000213623,112.440002441406,80.442253112793,2194300,91.7300033569336,99.0100021362305,91.2600021362305,96.5599975585938,96.5599975585938,5266358,1631.7099609375,1654.18994140625,1560.32995605469,1606.28002929688,1606.28002929688,74946790000
"92",244,3.661,1.9,7.3,2013-07-01,78.7900009155273,83.9599990844727,78.3499984741211,82.4199981689453,55.2163391113281,202353100,113.430000305176,120.550003051758,112.48999786377,118.309997558594,84.6418151855469,1862500,96.5800018310547,109.319999694824,96.0699996948242,105.029998779297,105.029998779297,5636543,1609.78002929688,1698.78002929688,1604.56994628906,1685.72998046875,1685.72998046875,68106820000
"93",245,3.645,1.5,7.2,2013-08-01,83.0899963378906,83.8499984741211,79.8300018310547,81.5699996948242,54.6468925476074,187728600,118.98999786377,119.930000305176,114.26000213623,116.540000915527,83.3754959106445,1493700,105.26000213623,112.23999786377,102.220001220703,107.650001525879,107.650001525879,5634934,1689.42004394531,1709.67004394531,1627.46997070312,1632.96997070312,1632.96997070312,64802810000
"94",247,3.42,0.9,7.2,2013-10-01,82.6800003051758,87.620002746582,81.3099975585938,86.3899993896484,58.1444664001465,242185700,119.099998474121,126.209999084473,117.25,124.720001220703,89.227653503418,1921000,102.309997558594,104.379997253418,95.9499969482422,96.379997253418,96.379997253418,5458477,1682.41003417969,1775.21997070312,1646.46997070312,1756.5400390625,1756.5400390625,76647400000
"95",248,3.322,1.2,6.9,2013-11-01,86.3600006103516,88.2399978637695,85,86.4400024414062,58.1781311035156,191308800,124.639999389648,127.709999084473,122.720001220703,124.930000305176,89.3778686523438,1650700,96.3199996948242,96.6500015258789,91.7699966430664,92.7200012207031,92.7200012207031,4709460,1758.69995117188,1813.55004882812,1746.19995117188,1805.81005859375,1805.81005859375,63628190000
"96",250,3.392,1.6,6.6,2014-01-01,87.9800033569336,88.2399978637695,83.0299987792969,83.379997253418,56.379997253418,265078800,125.980003356934,126.099998474121,118.099998474121,118.680000305176,86.4167633056641,3853900,98.5,98.9700012207031,91.2399978637695,97.4899978637695,97.4899978637695,4699881,1845.85998535156,1850.83996582031,1770.44995117188,1782.58996582031,1782.58996582031,75871910000
"97",251,3.434,1.1,6.7,2014-02-01,83.3000030517578,88.4800033569336,81.7799987792969,87.6500015258789,59.2672843933105,258023600,118.639999389648,126.330001831055,116.169998168945,125.290000915527,91.2298278808594,4688900,97.4000015258789,103.800003051758,96.2600021362305,102.589996337891,102.589996337891,4092761,1782.68005371094,1867.92004394531,1737.92004394531,1859.44995117188,1859.44995117188,69725590000
"98",252,3.606,1.6,6.7,2014-03-01,87.120002746582,89.5899963378906,85.9700012207031,89.0599975585938,60.220703125,209073300,124.51000213623,129.149993896484,122.819999694824,128.410003662109,93.5016555786133,2417400,103,105.220001220703,97.370002746582,101.580001831055,101.580001831055,4805002,1857.68005371094,1883.96997070312,1834.43994140625,1872.33996582031,1872.33996582031,71885030000
"99",253,3.735,2,6.2,2014-04-01,89.0899963378906,94.6600036621094,88.2200012207031,93.7399978637695,63.696964263916,236318700,128.759994506836,136.009994506836,127.169998168945,134.919998168945,98.2418899536133,2923800,101.529998779297,104.98999786377,98.8600006103516,99.7399978637695,99.7399978637695,4991696,1873.9599609375,1897.28002929688,1814.35998535156,1883.94995117188,1883.94995117188,71595810000
"100",254,3.75,2.2,6.3,2014-05-01,93.6100006103516,95.4300003051758,92.9300003051758,95.3099975585938,64.7638092041016,159239500,134.729995727539,136.820007324219,133.130004882812,136.649993896484,99.5016021728516,2775400,99.7200012207031,104.5,98.7399978637695,102.709999084473,102.709999084473,4580697,1884.39001464844,1924.03002929688,1859.7900390625,1923.56994628906,1923.56994628906,63623630000
"101",256,3.688,2,6.2,2014-07-01,100.349998474121,100.970001220703,96.5599975585938,96.629997253418,65.9655914306641,185253500,144.490005493164,145.25,138.470001220703,138.580001831055,100.90690612793,4318100,105.440002441406,106.089996337891,97.5999984741211,98.1699981689453,98.1699981689453,5346395,1962.2900390625,1991.39001464844,1930.67004394531,1930.67004394531,1930.67004394531,66524690000
"102",257,3.565,1.7,6.1,2014-08-01,96.3600006103516,98.870002746582,94.4899978637695,98.7399978637695,67.4059906005859,185743000,138.029998779297,142.289993286133,135.649993896484,142.259994506836,103.586502075195,3753400,97.6999969482422,98.6699981689453,92.5,95.9599990844727,95.9599990844727,4773185,1929.80004882812,2005.0400390625,1904.78002929688,2003.36999511719,2003.36999511719,58131140000
"103",258,3.484,1.7,5.9,2014-09-01,98.5999984741211,98.6900024414062,90.0599975585938,90.620002746582,61.8628234863281,262542000,142.050003051758,142.050003051758,130.360000610352,131.119995117188,95.4749221801758,5152100,95.8099975585938,95.9100036621094,90.4300003051758,91.1600036621094,91.1600036621094,5762880,2004.06994628906,2019.26000976562,1964.0400390625,1972.2900390625,1972.2900390625,6.6706e+10
"104",259,3.255,1.6,5.7,2014-10-01,90.6100006103516,91.0599975585938,77.5100021362305,87.4199981689453,59.9853553771973,768998500,131.119995117188,131.660003662109,111.949996948242,125.889999389648,91.6667022705078,9941200,91.3600006103516,92.9599990844727,79.4400024414062,80.5400009155273,80.5400009155273,7448385,1971.43994140625,2018.18994140625,1820.66003417969,2018.05004882812,2018.05004882812,93714040000
"105",260,2.997,1.2,5.8,2014-11-01,87.4800033569336,89.2200012207031,79.5800018310547,79.8199996948242,54.7704544067383,420955300,126,128.229995727539,113.970001220703,114.23999786377,83.1837539672852,6383000,80.5899963378906,80.9800033569336,65.6900024414062,66.1500015258789,66.1500015258789,6055929,2018.2099609375,2075.76000976562,2001.01000976562,2067.56005859375,2067.56005859375,63600190000
"106",261,2.632,0.7,5.6,2014-12-01,79.3899993896484,82.6100006103516,72.5100021362305,79.1600036621094,54.3175506591797,781838600,113.559997558594,118.339996337891,103.23999786377,111.620002746582,81.2760162353516,19369000,66,69.5400009155273,52.439998626709,53.2700004577637,53.2700004577637,6919717,2065.78002929688,2093.55004882812,1972.56005859375,2058.89990234375,2058.89990234375,80743820000
"107",262,2.208,-0.2,5.7,2015-01-01,78.7300033569336,79.7900009155273,71.6999969482422,75.5500030517578,52.1625175476074,661937100,111,112.559997558594,101.330001831055,106.199996948242,77.3294525146484,15347400,53.7599983215332,55.1100006103516,43.5800018310547,48.2400016784668,48.2400016784668,7699363,2058.89990234375,2072.36010742188,1988.11999511719,1994.98999023438,1994.98999023438,77330040000
"108",265,2.555,-0.1,5.4,2015-04-01,77.8300018310547,83.379997253418,77.0199966430664,82.6800003051758,57.4731941223145,287119800,109.809997558594,117.879997253418,108.900001525879,116.98999786377,85.1861801147461,6047000,47.5499992370605,59.8499984741211,47.0499992370605,59.6300010681152,59.6300010681152,7959153,2067.6298828125,2125.919921875,2048.3798828125,2085.51000976562,2085.51000976562,72060940000
"109",266,2.802,0,5.6,2015-05-01,82.7600021362305,83.6600036621094,77.9800033569336,78.3899993896484,54.4911270141602,250016900,117.209999084473,118.459999084473,110.330001831055,111.050003051758,80.860969543457,5815000,59.7900009155273,62.5800018310547,56.5099983215332,60.2999992370605,60.2999992370605,6651435,2087.3798828125,2134.71997070312,2067.92993164062,2107.38989257812,2107.38989257812,65187730000
"110",267,2.885,0.2,5.3,2015-06-01,78.5899963378906,79.1100006103516,74.5800018310547,75.1600036621094,52.2458572387695,243092900,111.26000213623,112.019996643066,106.290000915527,106.949996948242,77.8755569458008,6685800,60.2900009155273,61.8199996948242,56.8300018310547,59.4700012207031,59.4700012207031,6767902,2108.63989257812,2129.8701171875,2056.32006835938,2063.11010742188,2063.11010742188,73213980000
"111",268,2.88,0.2,5.2,2015-07-01,75.3099975585938,75.3399963378906,68.2099990844727,69.379997253418,48.5483665466309,318690800,107.099998474121,107.419998168945,96.0800018310547,97.8199996948242,71.2275619506836,12660700,58.9799995422363,58.9799995422363,46.6800003051758,47.1199989318848,47.1199989318848,7403886,2067,2132.82006835938,2044.02001953125,2103.84008789062,2103.84008789062,77920590000
"112",269,2.726,0.2,5.1,2015-08-01,68.6399993896484,70.7399978637695,58.7400016784668,66.4300003051758,46.484130859375,486283800,96.9800033569336,99.5500030517578,82.5,93.8099975585938,68.3076553344727,17791600,46.8600006103516,49.3300018310547,37.75,49.2000007629395,49.2000007629395,8594213,2104.48999023438,2112.65991210938,1867.01000976562,1972.18005371094,1972.18005371094,84626790000
"113",270,2.462,0,5,2015-09-01,64.5199966430664,66.4400024414062,59.3899993896484,61.2000007629395,42.8244590759277,377168200,90.8000030517578,93.4400024414062,82.1999969482422,84.7600021362305,61.7179260253906,11605000,48.0999984741211,48.8699989318848,43.2099990844727,45.0900001525879,45.0900001525879,8283967,1970.08996582031,2020.85998535156,1871.91003417969,1920.03002929688,1920.03002929688,79989370000
"114",271,2.387,0.1,5,2015-10-01,61.9799995422363,69.6699981689453,60.5099983215332,68.0299987792969,47.9548645019531,438010500,85.7600021362305,97,83.7799987792969,94.5,70.3596420288086,8852000,45.3800010681152,50.9199981689453,42.5800018310547,46.5900001525879,46.5900001525879,8628176,1919.65002441406,2094.32006835938,1893.69995117188,2079.36010742188,2079.36010742188,85844900000
"115",273,2.144,0.6,5,2015-12-01,68.0800018310547,68.620002746582,58.2099990844727,60.3199996948242,42.5200271606445,554894900,94.1600036621094,94.9100036621094,81.0500030517578,83.120002746582,61.8867149353027,21392500,41.7299995422363,42.2299995422363,33.9799995422363,37.0400009155273,37.0400009155273,8971442,2082.92993164062,2104.27001953125,1993.26000976562,2043.93994140625,2043.93994140625,83649260000
"116",274,2.057,1.2,4.8,2016-01-01,60.1599998474121,60.7799987792969,49.9300003051758,58.2099990844727,41.4043350219727,614673100,82.8899993896484,83.75,68.6399993896484,79.9800033569336,60.0431060791016,16963500,37.5999984741211,38.3899993896484,26.1900005340576,33.6199989318848,33.6199989318848,11048634,2038.19995117188,2038.19995117188,1812.2900390625,1940.23999023438,1940.23999023438,92409770000
"117",275,1.872,0.8,4.9,2016-02-01,57.2400016784668,58.5200004577637,52.3699989318848,56.5800018310547,40.2449264526367,584068500,78.6699981689453,80.4499969482422,72.1999969482422,78.2099990844727,58.7143249511719,16775200,33.8300018310547,34.689998626709,26.0499992370605,33.75,33.75,11959964,1936.93994140625,1962.9599609375,1810.09997558594,1932.22998046875,1932.22998046875,93049560000
"118",276,2.071,0.9,5,2016-03-01,56.9799995422363,64.2799987792969,56.4000015258789,61.8899993896484,44.0218772888184,497520400,78.9700012207031,89.6600036621094,77.7399978637695,85.8199996948242,64.4273376464844,6860200,33.9000015258789,41.9000015258789,33.3699989318848,38.3400001525879,38.3400001525879,11329978,1937.08996582031,2072.2099609375,1937.08996582031,2059.73999023438,2059.73999023438,92639420000
"119",277,2.216,1.2,5.1,2016-04-01,60.8199996948242,68.8199996948242,59.939998626709,67.5,48.3550262451172,377361300,84.370002746582,96.5699996948242,82.8399963378906,94.6399993896484,71.5936965942383,5902300,38.1399993896484,46.7799987792969,35.2400016784668,45.9199981689453,45.9199981689453,12383923,2056.6201171875,2111.05004882812,2033.80004882812,2065.30004882812,2065.30004882812,81124990000
"120",279,2.467,1.1,4.9,2016-06-01,66.2200012207031,70.2600021362305,64.1100006103516,68.2399978637695,48.8851432800293,332050300,92.1999969482422,98.2699966430664,89.1999969482422,95.120002746582,71.9568176269531,5678600,48.8199996948242,51.6699981689453,45.8300018310547,48.3300018310547,48.3300018310547,10863962,2093.93994140625,2120.55004882812,1991.68005371094,2098.86010742188,2098.86010742188,86852700000
"121",280,2.345,0.9,4.8,2016-07-01,68.1600036621094,69.8199996948242,65.6900024414062,67.379997253418,48.5869026184082,241065400,95,97.4700012207031,90.8899993896484,93.2900009155273,70.9794616699219,6938900,48.3800010681152,49.3499984741211,40.5699996948242,41.5999984741211,41.5999984741211,9855331,2099.34008789062,2177.09008789062,2074.02001953125,2173.60009765625,2173.60009765625,69530250000
"122",281,2.284,1.1,4.9,2016-08-01,66.7900009155273,71,64.5699996948242,68.5100021362305,49.4017333984375,354955200,92.25,98.4000015258789,89.2099990844727,95.0599975585938,72.3261489868164,5341600,41.3499984741211,48.75,39.189998626709,44.7000007629395,44.7000007629395,12064000,2173.14990234375,2193.81005859375,2147.580078125,2170.94995117188,2170.94995117188,75610310000
"123",282,2.327,1.5,5,2016-09-01,68.2200012207031,71.9400024414062,66.1399993896484,70.6100006103516,50.9160194396973,400166200,94.6699981689453,99.5400009155273,91.0199966430664,97.6900024414062,74.3271789550781,5776400,44.8499984741211,48.3199996948242,42.5499992370605,48.2400016784668,48.2400016784668,13029632,2171.330078125,2187.8701171875,2119.1201171875,2168.27001953125,2168.27001953125,77023620000
"124",283,2.359,1.7,4.9,2016-10-01,70.7300033569336,71.9800033569336,68.5,68.620002746582,49.7801246643066,264801500,97.7200012207031,99.8199996948242,93.9100036621094,94.0699996948242,72.0447616577148,3623100,48.0400009155273,51.9300003051758,46.6300010681152,46.8600006103516,46.8600006103516,11347381,2164.330078125,2169.60009765625,2114.71997070312,2126.14990234375,2126.14990234375,72915530000
"125",284,2.295,1.7,4.7,2016-11-01,69.129997253418,75.120002746582,67,74.4300003051758,53.9949836730957,368265600,94.5800018310547,104.050003051758,91.9000015258789,103.25,79.0753936767578,5816400,46.7700004577637,49.9000015258789,42.2000007629395,49.439998626709,49.439998626709,14128000,2128.67993164062,2214.10009765625,2083.7900390625,2198.81005859375,2198.81005859375,88445380000
"126",285,2.366,2.1,4.7,2016-12-01,75.8099975585938,78.4499969482422,74.3600006103516,75.3199996948242,54.6406173706055,290149800,105,109.080001831055,103.059997558594,104.680000305176,80.1705780029297,5803700,49.0699996948242,54.5099983215332,48.9799995422363,53.7200012207031,53.7200012207031,11030474,2200.169921875,2277.53002929688,2187.43994140625,2238.830078125,2238.830078125,75344550000
"127",287,2.416,2.8,4.6,2017-02-01,73.2900009155273,73.7799987792969,70.629997253418,71.379997253418,52.0561256408691,246765900,101.669998168945,102.400001525879,97.3099975585938,98.370002746582,75.7462768554688,6222500,52.7599983215332,54.939998626709,51.2200012207031,54.0099983215332,54.0099983215332,9715204,2285.59008789062,2371.5400390625,2271.64990234375,2363.63989257812,2363.63989257812,69260940000
"128",288,2.437,2.4,4.4,2017-03-01,72.0400009155273,73.1399993896484,67.8600006103516,69.9000015258789,50.9767951965332,382138100,99.0699996948242,100.800003051758,93.1800003051758,96.7099990844727,74.4680480957031,6799200,53.9500007629395,54.439998626709,47.0099983215332,50.5999984741211,50.5999984741211,13199894,2380.1298828125,2400.97998046875,2322.25,2362.71997070312,2362.71997070312,81664010000
"129",289,2.528,2.2,4.4,2017-04-01,70.0100021362305,71.4899978637695,67.1100006103516,67.8399963378906,49.7712326049805,282260400,96.6600036621094,98.8399963378906,92.3199996948242,93.3300018310547,72.3108291625977,5195600,50.689998626709,53.7599983215332,48.2000007629395,49.3300018310547,49.3300018310547,10289042,2362.34008789062,2398.15991210938,2328.94995117188,2384.19995117188,2384.19995117188,65369860000
"130",290,2.503,1.9,4.4,2017-05-01,67.8199996948242,68.870002746582,65.0999984741211,65.4400024414062,48.0104713439941,336386700,93.2399978637695,94.7699966430664,89.0100021362305,89.5500030517578,69.3821563720703,7570200,49.1699981689453,52,43.7599983215332,48.3199996948242,48.3199996948242,14784124,2388.5,2418.7099609375,2352.71997070312,2411.80004882812,2411.80004882812,79719460000
"131",291,2.46,1.6,4.3,2017-06-01,65.4700012207031,67.5500030517578,63.6399993896484,64.9199981689453,47.6289596557617,412892800,89.8099975585938,92.3499984741211,86.7200012207031,88.5,68.5686187744141,7906500,48.6300010681152,49.1699981689453,42.0499992370605,46.0400009155273,46.0400009155273,16095333,2415.64990234375,2453.82006835938,2405.69995117188,2423.40991210938,2423.40991210938,81078810000
"132",292,2.414,1.7,4.3,2017-07-01,65.1500015258789,67.129997253418,63.2900009155273,66.620002746582,49.2126579284668,310718600,88.879997253418,91.5999984741211,86.0800018310547,90.7799987792969,70.8104476928711,4928100,46.2799987792969,50.4099998474121,43.6500015258789,50.1699981689453,50.1699981689453,15266208,2431.38989257812,2484.0400390625,2407.69995117188,2470.30004882812,2470.30004882812,63348090000
"133",293,2.494,1.9,4.4,2017-08-01,66.6600036621094,66.9899978637695,61.7999992370605,62.9700012207031,46.5163764953613,283553400,90.8499984741211,91.1500015258789,83.8000030517578,85.7200012207031,66.8635177612305,6863500,50.2099990844727,50.4300003051758,45.5800018310547,47.2299995422363,47.2299995422363,17972501,2477.10009765625,2490.8701171875,2417.35009765625,2471.64990234375,2471.64990234375,70784900000
"134",294,2.761,2.2,4.3,2017-09-01,63.0699996948242,68.9000015258789,62.9099998474121,68.4800033569336,50.5866546630859,259606700,85.8000030517578,94.4300003051758,85.5599975585938,93.5800018310547,72.9945068359375,5328800,47.0800018310547,52.8600006103516,46.560001373291,51.6699981689453,51.6699981689453,12837171,2474.419921875,2519.43994140625,2446.55004882812,2519.36010742188,2519.36010742188,66624120000
"135",296,2.678,2.2,4.2,2017-11-01,68.3199996948242,70.4700012207031,66.9100036621094,69.0999984741211,51.7168312072754,262583400,93.1699981689453,96.4000015258789,91.370002746582,94.4899978637695,74.5740280151367,5224100,54.6500015258789,59.0499992370605,53.8899993896484,57.4000015258789,57.4000015258789,13087384,2583.2099609375,2657.73999023438,2557.44995117188,2647.580078125,2647.580078125,73416960000
"136",297,2.594,2.1,4.1,2017-12-01,69.5899963378906,72.7200012207031,66.6900024414062,72.2600021362305,54.081901550293,222031900,95.1500015258789,99.6699981689453,93.3199996948242,98.9499969482422,78.0939865112305,4279200,57.4199981689453,60.5099983215332,55.8199996948242,60.4199981689453,60.4199981689453,9873595,2645.10009765625,2694.96997070312,2605.52001953125,2673.61010742188,2673.61010742188,65531700000
"137",298,2.671,2.2,4,2018-01-01,72.620002746582,78.3899993896484,72.3899993896484,74.8499984741211,56.393383026123,296575500,99.3099975585938,107.199996948242,98.870002746582,102.069999694824,81.0685806274414,7932500,60.2000007629395,66.6600036621094,60.0999984741211,64.7300033569336,64.7300033569336,13358234,2683.72998046875,2872.8701171875,2682.36010742188,2823.81005859375,2823.81005859375,77318690000
"138",299,2.705,2.3,4.1,2018-02-01,74.9499969482422,75.6699981689453,64.4499969482422,66.7399978637695,50.283145904541,396020700,102.269996643066,103.279998779297,87.8300018310547,91.1100006103516,72.3636627197266,6939200,64.7600021362305,66.3000030517578,58.0699996948242,61.6399993896484,61.6399993896484,12729450,2816.44995117188,2835.9599609375,2532.68994140625,2713.830078125,2713.830078125,79933970000
"139",300,2.709,2.3,4,2018-03-01,66.6699981689453,69.0199966430664,65.6500015258789,67.4100036621094,50.7879447937012,298143200,91,94.5800018310547,89.6900024414062,92.370002746582,73.3644027709961,6120100,61.5499992370605,66.5500030517578,59.9500007629395,64.9400024414062,64.9400024414062,13059840,2715.21997070312,2801.89990234375,2585.88989257812,2640.8701171875,2640.8701171875,76803890000
"140",302,2.987,2.8,3.8,2018-05-01,73.4400024414062,79.4199981689453,72.4300003051758,76.0199966430664,57.6826591491699,368692400,100.839996337891,109.790000915527,99.5100021362305,104.959999084473,83.9039764404297,6778700,68.5599975585938,72.8300018310547,65.9199981689453,67.0400009155273,67.0400009155273,15729291,2642.9599609375,2742.23999023438,2594.6201171875,2705.27001953125,2705.27001953125,76011820000
"141",303,2.97,2.8,4,2018-06-01,76.2799987792969,77.6500015258789,73.1399993896484,75.9400024414062,57.6219520568848,307137000,105.300003051758,106.839996337891,101.720001220703,105.080001831055,83.9999084472656,4880400,67.0699996948242,74.4599990844727,63.5900001525879,74.1500015258789,74.1500015258789,13628570,2718.69995117188,2791.46997070312,2691.98999023438,2718.3701171875,2718.3701171875,77891360000
"142",305,2.914,2.6,3.8,2018-08-01,76.4499969482422,76.5,71.6999969482422,74.4400024414062,56.8653259277344,256055200,105.339996337891,105.73999786377,98.8600006103516,103.080001831055,82.9099578857422,5271500,68.4300003051758,70.5,64.4300003051758,69.8000030517578,69.8000030517578,10826163,2821.169921875,2916.5,2796.34008789062,2901.52001953125,2901.52001953125,69523070000
"143",306,2.915,2.3,3.7,2018-09-01,74.7799987792969,77.0100021362305,71.7799987792969,75.7399978637695,57.8583869934082,231780300,103.419998168945,106.75,98.9400024414062,105.110000610352,84.5427398681641,3564200,70.120002746582,73.7300033569336,66.8600006103516,73.25,73.25,10673802,2896.9599609375,2940.90991210938,2864.1201171875,2913.97998046875,2913.97998046875,63031510000
"144",307,2.943,2.5,3.8,2018-10-01,76.0199966430664,78.3600006103516,64.370002746582,67.1600036621094,51.6568412780762,434624500,105.559997558594,108.550003051758,88.6100006103516,92.379997253418,74.7865676879883,6733900,73.2900009155273,76.9000015258789,64.8099975585938,65.3099975585938,65.3099975585938,13521457,2926.2900390625,2939.86010742188,2603.5400390625,2711.73999023438,2711.73999023438,91930980000
"145",308,2.736,2.1,3.8,2018-11-01,67.3000030517578,70.370002746582,63.439998626709,66.1100006103516,50.8492202758789,403394800,92.6900024414062,96.8399963378906,86.5199966430664,89.7600021362305,72.6655502319336,6003300,64.879997253418,65.3899993896484,49.4099998474121,50.9300003051758,50.9300003051758,15784511,2717.580078125,2815.14990234375,2631.09008789062,2760.169921875,2760.169921875,80620020000
"146",309,2.457,2,3.9,2018-12-01,67.620002746582,67.9899978637695,53.3600006103516,57.3499984741211,44.1113777160645,477197000,91.9199981689453,92.4400024414062,71.6999969482422,77.1100006103516,62.4247093200684,20176100,52.4500007629395,54.5499992370605,42.3600006103516,45.4099998474121,45.4099998474121,12944224,2790.5,2800.17993164062,2346.580078125,2506.85009765625,2506.85009765625,84162180000
"147",310,2.338,1.5,4,2019-01-01,56.439998626709,64.0800018310547,56.1500015258789,63.7799987792969,49.5159568786621,333689000,75.8499984741211,86.6399993896484,75.5800018310547,86.1399993896484,70.283088684082,7911700,45.7999992370605,55.3699989318848,44.3499984741211,53.7900009155273,53.7900009155273,14922969,2476.9599609375,2708.94995117188,2443.9599609375,2704.10009765625,2704.10009765625,80859870000
"148",311,2.393,1.5,3.8,2019-02-01,64.4700012207031,66.9300003051758,61.8699989318848,65.25,50.6571960449219,209874900,86.8399963378906,90.4499969482422,83.3000030517578,88.0100021362305,71.8088684082031,7756300,54.0099983215332,57.810001373291,51.2299995422363,57.2200012207031,57.2200012207031,11198402,2702.32006835938,2813.48999023438,2681.830078125,2784.48999023438,2784.48999023438,70638770000
"149",312,2.594,1.9,3.8,2019-03-01,65.5999984741211,67.4199981689453,63.310001373291,66.120002746582,51.3326377868652,306595100,88.4499969482422,91.8499984741211,85.2200012207031,89.379997253418,72.9266738891602,5978300,57.2200012207031,60.7299995422363,54.5200004577637,60.1399993896484,60.1399993896484,12715337,2798.21997070312,2860.31005859375,2722.27001953125,2834.39990234375,2834.39990234375,79159660000
"150",313,2.881,2,3.7,2019-04-01,66.5599975585938,68.8099975585938,65.6100006103516,66.1100006103516,51.7274169921875,252909800,89.9899978637695,93.1699981689453,88.6500015258789,89.2099990844727,73.3251113891602,4942100,60.2400016784668,66.5999984741211,60.1300010681152,63.9099998474121,63.9099998474121,14068153,2848.6298828125,2949.52001953125,2848.6298828125,2945.830078125,2945.830078125,70090370000
"151",314,2.946,1.8,3.6,2019-05-01,66.129997253418,66.3300018310547,58.7700004577637,58.7700004577637,45.9842681884766,333142100,89.1800003051758,89.3099975585938,78.7099990844727,78.7699966430664,64.7440948486328,6257800,63.4000015258789,63.9300003051758,53.0499992370605,53.5,53.5,16862619,2952.330078125,2954.1298828125,2750.52001953125,2752.06005859375,2752.06005859375,77250740000
"152",315,2.804,1.7,3.6,2019-06-01,59.1699981689453,63.9300003051758,59.0800018310547,63.7099990844727,49.849536895752,291847000,79.2399978637695,85.2399978637695,79.1800003051758,85.0199966430664,69.8812026977539,4769600,53.4199981689453,59.9300003051758,50.5999984741211,58.4700012207031,58.4700012207031,13290297,2751.53002929688,2964.14990234375,2728.81005859375,2941.76000976562,2941.76000976562,71250630000
"153",316,2.823,1.8,3.7,2019-07-01,64.5,64.7099990844727,61.7400016784668,62.7000007629395,49.507080078125,225597100,86.0400009155273,86.4899978637695,81.5999984741211,82.9700012207031,68.7530822753906,4025900,59.2700004577637,60.939998626709,54.7200012207031,58.5800018310547,58.5800018310547,12395594,2971.40991210938,3027.97998046875,2952.21997070312,2980.3798828125,2980.3798828125,70599470000
"154",317,2.707,1.7,3.6,2019-08-01,62.0099983215332,62.2999992370605,55.5499992370605,57.4799995422363,45.385425567627,382618500,82.0999984741211,82.3199996948242,72.9899978637695,75.7399978637695,62.7619438171387,8549700,57.8499984741211,57.9900016784668,50.5200004577637,55.0999984741211,55.0999984741211,14650885,2980.32006835938,3013.59008789062,2822.1201171875,2926.4599609375,2926.4599609375,80269220000
"155",319,2.724,1.7,3.6,2019-10-01,59.4000015258789,60.060001373291,55.6399993896484,57.9599990844727,46.1829833984375,317614100,78.4599990844727,78.879997253418,73.25,75.9700012207031,63.4850769042969,7257000,54.2799987792969,56.9199981689453,50.9900016784668,54.1800003051758,54.1800003051758,11751844,2983.68994140625,3050.10009765625,2855.93994140625,3037.56005859375,3037.56005859375,77720640000
"156",320,2.693,2.1,3.6,2019-11-01,58.25,61.8300018310547,58.0900001525879,58.8899993896484,46.9240188598633,264399100,76.4400024414062,81.2900009155273,75.7600021362305,76.7900009155273,64.1703186035156,6209300,54.1500015258789,58.7400016784668,54.0699996948242,55.1699981689453,55.1699981689453,10112807,3050.71997070312,3154.26000976562,3050.71997070312,3140.97998046875,3140.97998046875,72410620000
"157",322,2.636,2.5,3.6,2020-01-01,60.439998626709,61.310001373291,53.1599998474121,53.439998626709,44.2827186584473,349279400,81.9400024414062,83.2699966430664,71.4800033569336,71.870002746582,60.6382713317871,13658900,61.5999984741211,65.6500015258789,50.9700012207031,51.560001373291,51.560001373291,13141261,3244.669921875,3337.77001953125,3214.63989257812,3225.52001953125,3225.52001953125,77287980000
"158",323,2.533,2.3,3.5,2020-02-01,53.3699989318848,55.4000015258789,43.5200004577637,45.2700004577637,37.5127029418945,485131500,71.7900009155273,74.25,57.9300003051758,61.1300010681152,51.5767021179199,19082500,51.0099983215332,54.5,43.8499984741211,44.7599983215332,44.7599983215332,13979728,3235.65991210938,3393.52001953125,2855.84008789062,2954.21997070312,2954.21997070312,84436590000
"159",325,1.938,0.3,14.8,2020-04-01,28.1200008392334,39.0800018310547,27.2299995422363,38,32.1930694580078,926736400,37.0999984741211,51.8800010681152,35.8899993896484,50.5299987792969,43.2794151306152,43968400,20.1000003814697,29.1299991607666,-40.3199996948242,18.8400001525879,18.8400001525879,16824885,2498.080078125,2954.86010742188,2447.48999023438,2912.42993164062,2912.42993164062,123608160000
"160",326,1.961,0.2,13.2,2020-05-01,37.2200012207031,40.3600006103516,34.2999992370605,38.7599983215332,32.8369331359863,580936200,49.5800018310547,53.4900016784668,45.25,51.3699989318848,43.9988822937012,28283100,19.0400009155273,35.7700004577637,18.0499992370605,35.4900016784668,35.4900016784668,6304127,2869.09008789062,3068.669921875,2766.63989257812,3044.31005859375,3044.31005859375,107135190000
"161",327,2.17,0.7,11,2020-06-01,38.7000007629395,46.8800010681152,36.3199996948242,37.8499984741211,32.0659942626953,675198700,51.310001373291,63.0999984741211,48.2700004577637,50.2999992370605,43.0824165344238,24739900,35.2099990844727,41.6300010681152,34.2700004577637,39.2700004577637,39.2700004577637,7923564,3038.78002929688,3233.1298828125,2965.65991210938,3100.2900390625,3100.2900390625,131458880000
"162",328,2.272,1,10.2,2020-07-01,38,38.5499992370605,34.2400016784668,36.0299987792969,30.9155406951904,526808900,50.4599990844727,51.4700012207031,45.810001373291,48.189998626709,41.7826538085938,15068300,39.8400001525879,42.4000015258789,38.5400009155273,40.2700004577637,40.2700004577637,7151922,3105.919921875,3279.98999023438,3101.169921875,3271.1201171875,3271.1201171875,96928130000
"163",329,2.272,1.3,8.4,2020-08-01,36.0200004577637,39.5299987792969,35.3600006103516,35.6500015258789,30.5894794464111,417823100,48.2700004577637,53.3199996948242,47.5499992370605,47.8899993896484,41.5225296020508,12800400,40.3899993896484,43.7799987792969,39.5800018310547,42.6100006103516,42.6100006103516,6720832,3288.26000976562,3514.77001953125,3284.53002929688,3500.31005859375,3500.31005859375,82466520000
"164",330,2.274,1.4,7.8,2020-09-01,35.4900016784668,35.9000015258789,29.5400009155273,29.9500007629395,25.6985931396484,599301300,47.7000007629395,48.1300010681152,39.7400016784668,40.310001373291,34.9503707885742,18345800,42.8300018310547,43.4300003051758,36.1300010681152,40.2200012207031,40.2200012207031,7025110,3507.43994140625,3588.11010742188,3209.44995117188,3363,3363,92310780000
"165",331,2.248,1.2,6.8,2020-10-01,29.6200008392334,31.6499996185303,26.9799995422363,28.7199993133545,25.0486240386963,603600500,39.9000015258789,42.9000015258789,36.6199989318848,38.9099998474121,34.1698150634766,19332200,39.9000015258789,41.7000007629395,34.9199981689453,35.7900009155273,35.7900009155273,7685767,3385.8701171875,3549.85009765625,3233.93994140625,3269.9599609375,3269.9599609375,89938980000
"166",333,2.284,1.3,6.7,2020-12-01,37.7799987792969,42.0800018310547,36.689998626709,37.9000015258789,33.0551147460938,675059500,51.1500015258789,57.1399993896484,49.8499984741211,51.8600006103516,45.5421905517578,23244900,45.0800018310547,49.2799987792969,43.9199981689453,48.5200004577637,48.5200004577637,6658228,3645.8701171875,3760.19995117188,3633.39990234375,3756.07006835938,3756.07006835938,96375680000
"167",334,2.42,1.4,6.4,2021-01-01,38.3400001525879,45,37.5099983215332,39.3199996948242,34.7522506713867,652916700,52.5499992370605,62,51.4300003051758,54.4300003051758,48.3304328918457,26838900,48.4000015258789,53.9300003051758,47.1800003051758,52.2000007629395,52.2000007629395,7574920,3764.61010742188,3870.89990234375,3662.7099609375,3714.23999023438,3714.23999023438,106117800000
"168",335,2.587,1.7,6.2,2021-02-01,39.7999992370605,50.810001373291,38.939998626709,48.1500015258789,42.5564765930176,628897300,55.1699981689453,70.1699981689453,54.0099983215332,66.6500015258789,59.1810340881348,21101100,51.9900016784668,63.810001373291,51.6399993896484,61.5,61.5,8065615,3731.169921875,3950.42993164062,3725.6201171875,3811.14990234375,3811.14990234375,99082320000
"169",336,2.898,2.6,6.1,2021-03-01,49.4199981689453,54.3699989318848,47.2599983215332,49.060001373291,43.3607635498047,885872600,68.370002746582,75.5999984741211,66.120002746582,68,60.3797454833984,32806000,61.9500007629395,67.9800033569336,57.25,59.1599998474121,59.1599998474121,10167951,3842.51000976562,3994.40991210938,3723.34008789062,3972.88989257812,3972.88989257812,122371150000
"170",337,2.948,4.1,6.1,2021-04-01,49.2799987792969,51.2900009155273,46.25,49.3899993896484,44.1155853271484,555156100,68.4700012207031,71.1900024414062,63.9099998474121,68.2900009155273,61.2502937316895,17956700,59.4900016784668,65.4700012207031,57.6300010681152,63.5800018310547,63.5800018310547,8438272,3992.78002929688,4218.77978515625,3992.78002929688,4181.169921875,4181.169921875,83124090000
"171",338,3.076,4.9,5.8,2021-05-01,49.9599990844727,55.1399993896484,49.7999992370605,52.2099990844727,46.6344299316406,623988300,69.1500015258789,76.4899978637695,68.9899978637695,72.7600021362305,65.2594909667969,18373500,63.6399993896484,67.5199966430664,61.560001373291,66.3199996948242,66.3199996948242,8001095,4191.97998046875,4238.0400390625,4056.8798828125,4204.10986328125,4204.10986328125,88321860000
"172",339,3.157,5.3,5.9,2021-06-01,53.2400016784668,56.6500015258789,52.2900009155273,53.8699989318848,48.1171607971191,641287000,74.3099975585938,79.4899978637695,73.5599975585938,75.8899993896484,68.0668487548828,20819900,66.6800003051758,74.4499969482422,66.4100036621094,73.4700012207031,73.4700012207031,8261945,4216.52001953125,4302.43017578125,4164.39990234375,4297.5,4297.5,102544180000
"173",340,3.231,5.3,5.4,2021-07-01,55.0999984741211,55.2700004577637,46.2999992370605,49.3899993896484,44.5664405822754,600481300,77.7300033569336,77.9000015258789,64.9400024414062,69.2900009155273,62.7076721191406,29426000,73.5,76.9800033569336,65.2099990844727,73.9499969482422,73.9499969482422,8643164,4300.72998046875,4429.97021484375,4233.1298828125,4395.259765625,4395.259765625,84255620000
"174",342,3.272,5.4,4.7,2021-09-01,48.3499984741211,53.8300018310547,46.4700012207031,52.0900001525879,47.0027542114258,681521800,67.9800033569336,77.2200012207031,66.4199981689453,73.9000015258789,66.8797302246094,20988700,68.5500030517578,76.6699981689453,67.120002746582,75.0299987792969,75.0299987792969,8102078,4528.7998046875,4545.85009765625,4305.91015625,4307.5400390625,4307.5400390625,85528860000
"175",343,3.384,6.2,4.5,2021-10-01,52.4700012207031,59.4099998474121,52.4700012207031,57.4700012207031,52.4873466491699,694428900,74.5299987792969,84.2099990844727,74.3399963378906,81.2200012207031,74.4110565185547,25853700,75.120002746582,85.4100036621094,74.2300033569336,83.5699996948242,83.5699996948242,9725158,4317.16015625,4608.080078125,4278.93994140625,4605.3798828125,4605.3798828125,80253600000
"176",344,3.491,6.9,4.1,2021-11-01,58.0400009155273,59.4000015258789,54.1399993896484,54.5900001525879,49.8570365905762,599113400,81.9499969482422,84.1999969482422,76.0299987792969,76.5500030517578,70.1325378417969,26400000,83.3600006103516,84.9700012207031,64.4300003051758,66.1800003051758,66.1800003051758,10364108,4610.6201171875,4743.830078125,4560,4567,4567,88268840000
"177",345,3.406,7.2,3.9,2021-12-01,55.8699989318848,57.8699989318848,51.6599998474121,55.5,50.6881408691406,602001400,78.3499984741211,81.0899963378906,72.1999969482422,77.6100006103516,71.1036682128906,32300400,67.0100021362305,77.4400024414062,62.4300003051758,75.2099990844727,75.2099990844727,7853281,4602.81982421875,4808.93017578125,4495.1201171875,4766.18017578125,4766.18017578125,92750180000
"178",346,3.413,7.6,4,2022-01-01,55.5800018310547,67.0599975585938,55.5499992370605,65.9199981689453,60.9842681884766,853839200,77.7600021362305,92.7099990844727,77.7099990844727,91.1800003051758,84.5646286010742,42920600,75.6900024414062,88.8399963378906,74.2699966430664,88.1500015258789,88.1500015258789,8385229,4778.14013671875,4818.6201171875,4222.6201171875,4515.5498046875,4515.5498046875,95562890000
"179",347,3.611,7.9,3.8,2022-02-01,65.5299987792969,70.6600036621094,65.3600006103516,70.5800018310547,65.2953567504883,764541500,90.7900009155273,98.1100006103516,90.4400024414062,98.0199966430664,90.9083709716797,39491900,88.1500015258789,100.540000915527,86.5500030517578,95.7200012207031,95.7200012207031,9108602,4519.56982421875,4595.31005859375,4114.64990234375,4373.93994140625,4373.93994140625,92667710000
"180",348,4.322,8.5,3.6,2022-03-01,71.2099990844727,80.2200012207031,70.2900009155273,76.4400024414062,70.7165832519531,1085340600,98.8199996948242,111.5,97.6999969482422,107.040000915527,99.2739410400391,55944200,96.0899963378906,130.5,93.5299987792969,100.279998779297,100.279998779297,9128833,4363.14013671875,4637.2998046875,4157.8701171875,4530.41015625,4530.41015625,123546260000
"181",349,4.213,8.3,3.7,2022-04-01,76.3399963378906,81.5100021362305,71,75.1500015258789,70.1882019042969,645446800,106.769996643066,114.589996337891,99.370002746582,105.25,98.3595962524414,20926000,101.230003356934,109.809997558594,92.9300003051758,104.690002441406,104.690002441406,5669971,4540.31982421875,4593.4501953125,4124.27978515625,4131.93017578125,4131.93017578125,90367840000
"182",351,5.032,9,3.6,2022-06-01,88.3000030517578,93.3099975585938,69.4700012207031,71.5100021362305,66.7885360717773,775796100,122.940002441406,130.350006103516,96.3399963378906,99.4700012207031,92.9579772949219,28749700,115.400001525879,123.680000305176,101.529998779297,105.76000213623,105.76000213623,6646137,4149.77978515625,4177.509765625,3636.8701171875,3785.3798828125,3785.3798828125,106116710000
"183",352,4.668,8.4,3.5,2022-07-01,72.379997253418,78.6600036621094,65.4800033569336,78.4199981689453,74.0636672973633,557473400,100.5,110.25,90.870002746582,109.970001220703,103.788772583008,21162400,106.01000213623,111.449996948242,90.5599975585938,98.620002746582,98.620002746582,6442224,3781,4140.14990234375,3721.56005859375,4130.2900390625,4130.2900390625,81688320000
"184",353,4.087,8.2,3.6,2022-08-01,77.0800018310547,85.1800003051758,70.6900024414062,80.5,76.0281143188477,532195100,107.819999694824,120.069999694824,99.1600036621094,113.48999786377,107.11092376709,18647900,98.4599990844727,98.6500015258789,85.7300033569336,89.5500030517578,89.5500030517578,6941741,4112.3798828125,4325.27978515625,3954.53002929688,3955,3955,92252350000
"185",354,3.817,8.2,3.5,2022-09-01,79.3099975585938,82.9700012207031,68.6600036621094,72.0199966430664,68.0191955566406,601290000,111.839996337891,117.339996337891,97.5999984741211,101.580001831055,95.8703536987305,18521300,88.8300018310547,90.3899993896484,76.25,79.4899978637695,79.4899978637695,6058680,3936.72998046875,4119.27978515625,3584.1298828125,3585.6201171875,3585.6201171875,94241020000
"186",355,3.935,7.8,3.6,2022-10-01,74.6100006103516,91.1800003051758,74.4899978637695,90,85.9271240234375,555284300,105.430000305176,127.639999389648,105,125.980003356934,120.403930664062,19288200,81.0199966430664,93.6399993896484,80.870002746582,86.5299987792969,86.5299987792969,5645391,3609.78002929688,3905.419921875,3491.580078125,3871.97998046875,3871.97998046875,95823760000
"187",356,3.799,7.1,3.6,2022-11-01,91.5100021362305,94.7099990844727,87.2900009155273,91.1500015258789,87.0250854492188,520024000,128.009994506836,132.630004882812,122.279998779297,127.629997253418,121.980888366699,14521900,86.4300003051758,93.7399978637695,73.5999984741211,80.5500030517578,80.5500030517578,6418409,3901.7900390625,4080.11010742188,3698.14990234375,4080.11010742188,4080.11010742188,92671910000
"188",357,3.324,6.4,3.5,2022-12-01,91.7900009155273,92.25,82.6500015258789,87.4700012207031,83.5116119384766,435098100,128.529998779297,129.139999389648,114.690002441406,121.279998779297,115.911956787109,12263500,80.4000015258789,83.3399963378906,70.0800018310547,80.2600021362305,80.2600021362305,5673808,4087.13989257812,4100.9599609375,3764.48999023438,3839.5,3839.5,85249330000
"189",359,3.501,6,3.6,2023-02-01,89.5100021362305,90.6699981689453,82.7900009155273,83.6900024414062,80.7256393432617,341436500,124.349998474121,125.650001525879,114.629997253418,116.599998474121,112.719871520996,7466400,79.0599975585938,80.620002746582,72.25,77.0500030517578,77.0500030517578,6069523,4070.07006835938,4195.43994140625,3943.080078125,3970.14990234375,3970.14990234375,80392280000
"190",360,3.535,4.9,3.5,2023-03-01,83.7600021362305,87.6900024414062,75.3600006103516,82.8300018310547,79.8960952758789,581018200,116.669998168945,122.309997558594,104.169998168945,114.230003356934,110.428749084473,14015700,76.8499984741211,80.9400024414062,64.120002746582,75.6699981689453,75.6699981689453,7758732,3963.34008789062,4110.75,3808.86010742188,4109.31005859375,4109.31005859375,113094800000
"191",361,3.711,4.9,3.4,2023-04-01,86.3199996948242,87.7399978637695,82.6900024414062,85.129997253418,82.9716186523438,320778300,119.330001831055,120.790000915527,113.540000915527,116.940002441406,114.11336517334,8493200,80.0999984741211,83.5299987792969,73.9300003051758,76.7799987792969,76.7799987792969,5497349,4102.2001953125,4170.06005859375,4049.35009765625,4169.47998046875,4169.47998046875,70861260000
"192",362,3.666,4.1,3.7,2023-05-01,84.0599975585938,85.0800018310547,76.3300018310547,76.5899963378906,74.6481399536133,440470100,115.470001220703,116.879997253418,105.569999694824,105.870002746582,103.310943603516,10556800,76.6600036621094,76.6900024414062,63.6399993896484,68.0899963378906,68.0899963378906,6920662,4166.7900390625,4231.10009765625,4048.28002929688,4179.830078125,4179.830078125,88929200000
"193",363,3.684,3.1,3.6,2023-06-01,76.7699966430664,82.5199966430664,76.25,81.1699981689453,79.1120223999023,423318100,106.050003051758,114.330001831055,105.51000213623,112.889999389648,110.161262512207,9458300,67.5999984741211,75.0599975585938,66.8000030517578,70.6399993896484,70.6399993896484,6857383,4183.02978515625,4458.47998046875,4171.64013671875,4450.3798828125,4450.3798828125,87983140000
"194",364,3.712,3.3,3.5,2023-07-01,81.370002746582,87.7300033569336,78.4899978637695,87.4800033569336,86.0130310058594,375679900,113.099998474121,122.5,109.139999389648,122.25,120.352569580078,14390900,70.4499969482422,82,69.6900024414062,81.8000030517578,81.8000030517578,6301345,4450.47998046875,4607.06982421875,4385.0498046875,4588.9599609375,4588.9599609375,75063200000
"195",365,3.954,3.7,3.8,2023-08-01,87.129997253418,90,84.9700012207031,88.9199981689453,87.4288864135742,417123400,121.580001831055,125.879997253418,118.980003356934,124.629997253418,122.69563293457,8825700,81.7300033569336,84.8899993896484,77.5899963378906,83.629997253418,83.629997253418,7346160,4578.830078125,4584.6201171875,4335.31005859375,4507.66015625,4507.66015625,86840820000
"196",366,3.958,3.7,3.8,2023-09-01,89.9000015258789,93.6900024414062,89.0100021362305,90.3899993896484,88.8742294311523,407018500,126,131.070007324219,125.319999694824,126.73999786377,124.772880554199,12130500,83.629997253418,95.0299987792969,83.4599990844727,90.7900009155273,90.7900009155273,6703761,4530.60009765625,4541.25,4238.6298828125,4288.0498046875,4288.0498046875,73482980000
"197",368,3.443,3.1,3.7,2023-11-01,85.7300033569336,87.6800003051758,82.1100006103516,84.5800018310547,83.7753372192383,408909000,120.629997253418,123.550003051758,115.110000610352,118.519996643066,117.462760925293,11479100,81.4800033569336,83.5999984741211,72.1600036621094,75.9599990844727,75.9599990844727,6814928,4201.27001953125,4587.64013671875,4197.740234375,4567.7998046875,4567.7998046875,80970570000
"198",369,3.257,3.3,3.7,2023-12-01,84.4800033569336,86.1699981689453,80.7399978637695,83.8399963378906,83.0423736572266,375218900,118.319999694824,120.610000610352,112.680000305176,117.279998779297,116.233825683594,13044800,75.5899963378906,76.7600021362305,67.7099990844727,71.6500015258789,71.6500015258789,5452906,4559.43017578125,4793.2998046875,4546.5,4769.830078125,4769.830078125,81530670000
